{
  "Ceramic.ply": {
    "original_size_mb": 32.425323486328125,
    "optimized_size_mb": 32.425323486328125,
    "estimated_optimized_size_mb": 29.182791137695315,
    "original_splats": 500000,
    "optimized_splats": 500000,
    "compression_ratio": 0.9,
    "time_seconds": 0.011087179183959961,
    "has_gsplat": false
  },
  "Future.ply": {
    "original_size_mb": 32.425323486328125,
    "optimized_size_mb": 32.425323486328125,
    "estimated_optimized_size_mb": 29.182791137695315,
    "original_splats": 500000,
    "optimized_splats": 500000,
    "compression_ratio": 0.9,
    "time_seconds": 0.012845993041992188,
    "has_gsplat": false
  }
}